<?xml version="1.0" encoding="utf-8" ?>
<dwsync>
<file name=".DS_Store" server="ftp.sessions-creative.com" local="133633714780756851" remote="133645173000000000" Dst="2" />
<file name="favlinks.png" server="ftp.sessions-creative.com" local="133633714780957034" remote="133645173000000000" Dst="2" />
<file name="spectre.png" server="ftp.sessions-creative.com" local="133633743943332179" remote="133645173000000000" Dst="2" />
<file name="evolvetools.png" server="ftp.sessions-creative.com" local="133633743146257844" remote="133645173000000000" Dst="2" />
<file name="swgwiki.png" server="ftp.sessions-creative.com" local="133633743428031564" remote="133645173000000000" Dst="2" />
<file name="SWGEvolve.png" server="ftp.sessions-creative.com" local="133633742493243383" remote="133645173000000000" Dst="2" />
<file name="topg.png" server="ftp.sessions-creative.com" local="133633744205341492" remote="133645173000000000" Dst="2" />
<file name="Trello.png" server="ftp.sessions-creative.com" local="133633742805344645" remote="133645173000000000" Dst="2" />
</dwsync>